"orden","tipo","script","objeto","paquete","procedimiento","log","estado_traza","prioridad","oleada","origen_wrapper","observacion"
"1","DB","/stbybackup/scripts_proc_nocturnos/QUERY_KILL_SESSION.sql","QUERY_KILL_SESSION","","","/stbybackup/logs_coeasy_nocturnos/QUERY_KILL_SESSION.log","pendiente","por-definir","por-definir","",""
"2","DB","/stbybackup/scripts_proc_nocturnos/INICIO_PROCESOS_COEASY.sql","INICIO_PROCESOS_COEASY","","","/stbybackup/logs_coeasy_nocturnos/INICIO_PROCESOS_COEASY.log","pendiente","por-definir","por-definir","",""
"3","DB","/stbybackup/scripts_proc_nocturnos/P_PROCESOS_NOCTURNOS.PR_INACTIVA_COTRATO_DERIVADOS.sql","P_PROCESOS_NOCTURNOS.PR_INACTIVA_COTRATO_DERIVADOS","P_PROCESOS_NOCTURNOS","PR_INACTIVA_COTRATO_DERIVADOS","/stbybackup/logs_coeasy_nocturnos/P_PROCESOS_NOCTURNOS.PR_INACTIVA_COTRATO_DERIVADOS.log","pendiente","por-definir","por-definir","",""
"4","DB","/stbybackup/scripts_proc_nocturnos/P_PROCESOS_NOCTURNOS.PR_NOC_GARANTIAS_EFECTIVO.sql","P_PROCESOS_NOCTURNOS.PR_NOC_GARANTIAS_EFECTIVO","P_PROCESOS_NOCTURNOS","PR_NOC_GARANTIAS_EFECTIVO","/stbybackup/logs_coeasy_nocturnos/P_PROCESOS_NOCTURNOS.PR_NOC_GARANTIAS_EFECTIVO.log","pendiente","por-definir","por-definir","",""
"5","DB","/stbybackup/scripts_proc_nocturnos/OPERACIONES_DIARIAS.sql","OPERACIONES_DIARIAS","","","/stbybackup/logs_coeasy_nocturnos/OPERACIONES_DIARIAS.log","pendiente","por-definir","por-definir","",""
"6","DB","/stbybackup/scripts_proc_nocturnos/COSTOS.sql","COSTOS","","","/stbybackup/logs_coeasy_nocturnos/COSTOS.log","pendiente","por-definir","por-definir","",""
"7","DB","/stbybackup/scripts_proc_nocturnos/P_SALDOS_CLIENTES.P_CALCULO_SALDOS_CANJE.sql","P_SALDOS_CLIENTES.P_CALCULO_SALDOS_CANJE","P_SALDOS_CLIENTES","P_CALCULO_SALDOS_CANJE","/stbybackup/logs_coeasy_nocturnos/P_SALDOS_CLIENTES.P_CALCULO_SALDOS_CANJE.log","pendiente","por-definir","por-definir","",""
"8","DB","/stbybackup/scripts_proc_nocturnos/EXTRACTO.sql","EXTRACTO","","","/stbybackup/logs_coeasy_nocturnos/EXTRACTO.log","pendiente","por-definir","por-definir","",""
"9","DB","/stbybackup/scripts_proc_nocturnos/TITULOS.sql","TITULOS","","","/stbybackup/logs_coeasy_nocturnos/TITULOS.log","pendiente","por-definir","por-definir","",""
"10","DB","/stbybackup/scripts_proc_nocturnos/P_OPERACIONES.CAUSACION_OP_BURSATIL_DIARIA.sql","P_OPERACIONES.CAUSACION_OP_BURSATIL_DIARIA","P_OPERACIONES","CAUSACION_OP_BURSATIL_DIARIA","/stbybackup/logs_coeasy_nocturnos/P_OPERACIONES.CAUSACION_OP_BURSATIL_DIARIA.log","pendiente","por-definir","por-definir","",""
"11","DB","/stbybackup/scripts_proc_nocturnos/P_CONTABILIZAR_DIA.P_CONTAB_DIA.sql","P_CONTABILIZAR_DIA.P_CONTAB_DIA","P_CONTABILIZAR_DIA","P_CONTAB_DIA","/stbybackup/logs_coeasy_nocturnos/P_CONTABILIZAR_DIA.P_CONTAB_DIA.log","pendiente","por-definir","por-definir","",""
"12","DB","/stbybackup/scripts_proc_nocturnos/P_NEGOCIOS_POSICION.CALCULAR_SALDOS_INICIO_DIA.sql","P_NEGOCIOS_POSICION.CALCULAR_SALDOS_INICIO_DIA","P_NEGOCIOS_POSICION","CALCULAR_SALDOS_INICIO_DIA","/stbybackup/logs_coeasy_nocturnos/P_NEGOCIOS_POSICION.CALCULAR_SALDOS_INICIO_DIA.log","pendiente","por-definir","por-definir","",""
"13","DB","/stbybackup/scripts_proc_nocturnos/P_RECALCULO_RENTABILIDAD.GENERACION_RENTABILIDAD.sql","P_RECALCULO_RENTABILIDAD.GENERACION_RENTABILIDAD","P_RECALCULO_RENTABILIDAD","GENERACION_RENTABILIDAD","/stbybackup/logs_coeasy_nocturnos/P_RECALCULO_RENTABILIDAD.GENERACION_RENTABILIDAD.log","pendiente","por-definir","por-definir","",""
"14","DB","/stbybackup/scripts_proc_nocturnos/DIVISAS.sql","DIVISAS","","","/stbybackup/logs_coeasy_nocturnos/DIVISAS.log","pendiente","por-definir","por-definir","",""
"15","DB","/stbybackup/scripts_proc_nocturnos/DIVISAS_1.sql","DIVISAS_1","","","/stbybackup/logs_coeasy_nocturnos/DIVISAS_1.log","pendiente","por-definir","por-definir","",""
"16","DB","/stbybackup/scripts_proc_nocturnos/P_OPERACIONES.MAIL_VTAS_PENDIENTES.sql","P_OPERACIONES.MAIL_VTAS_PENDIENTES","P_OPERACIONES","MAIL_VTAS_PENDIENTES","/stbybackup/logs_coeasy_nocturnos/P_OPERACIONES.MAIL_VTAS_PENDIENTES.log","pendiente","por-definir","por-definir","",""
"17","DB","/stbybackup/scripts_proc_nocturnos/P_PROCESOS_NOCTURNOS.P_SALDOS_DIARIOS_CLIENTES.sql","P_PROCESOS_NOCTURNOS.P_SALDOS_DIARIOS_CLIENTES","P_PROCESOS_NOCTURNOS","P_SALDOS_DIARIOS_CLIENTES","/stbybackup/logs_coeasy_nocturnos/P_PROCESOS_NOCTURNOS.P_SALDOS_DIARIOS_CLIENTES.log","pendiente","por-definir","por-definir","",""
"18","DB","/stbybackup/scripts_proc_nocturnos/P_PROCESOS_NOCTURNOS.P_SALDOS_DIARIOS_DERIVADOS.sql","P_PROCESOS_NOCTURNOS.P_SALDOS_DIARIOS_DERIVADOS","P_PROCESOS_NOCTURNOS","P_SALDOS_DIARIOS_DERIVADOS","/stbybackup/logs_coeasy_nocturnos/P_PROCESOS_NOCTURNOS.P_SALDOS_DIARIOS_DERIVADOS.log","pendiente","por-definir","por-definir","",""
"19","DB","/stbybackup/scripts_proc_nocturnos/P_PROCESOS_NOCTURNOS.P_SALDOS_DIARIOS_FONDOS.sql","P_PROCESOS_NOCTURNOS.P_SALDOS_DIARIOS_FONDOS","P_PROCESOS_NOCTURNOS","P_SALDOS_DIARIOS_FONDOS","/stbybackup/logs_coeasy_nocturnos/P_PROCESOS_NOCTURNOS.P_SALDOS_DIARIOS_FONDOS.log","pendiente","por-definir","por-definir","",""
"20","DB","/stbybackup/scripts_proc_nocturnos/P_PROCESOS_NOCTURNOS.P_SALDOS_INCUMPLIDOS.sql","P_PROCESOS_NOCTURNOS.P_SALDOS_INCUMPLIDOS","P_PROCESOS_NOCTURNOS","P_SALDOS_INCUMPLIDOS","/stbybackup/logs_coeasy_nocturnos/P_PROCESOS_NOCTURNOS.P_SALDOS_INCUMPLIDOS.log","pendiente","por-definir","por-definir","",""
"21","DB","/stbybackup/scripts_proc_nocturnos/P_PROCESOS_NOCTURNOS.GENERAR_IMGF_DIARIO.sql","P_PROCESOS_NOCTURNOS.GENERAR_IMGF_DIARIO","P_PROCESOS_NOCTURNOS","GENERAR_IMGF_DIARIO","/stbybackup/logs_coeasy_nocturnos/P_PROCESOS_NOCTURNOS.GENERAR_IMGF_DIARIO.log","pendiente","por-definir","por-definir","",""
"22","DB","/stbybackup/scripts_proc_nocturnos/P_PROCESOS_NOCTURNOS.P_BORRADO_CENLINEA.sql","P_PROCESOS_NOCTURNOS.P_BORRADO_CENLINEA","P_PROCESOS_NOCTURNOS","P_BORRADO_CENLINEA","/stbybackup/logs_coeasy_nocturnos/P_PROCESOS_NOCTURNOS.P_BORRADO_CENLINEA.log","pendiente","por-definir","por-definir","",""
"23","DB","/stbybackup/scripts_proc_nocturnos/P_PROCESOS_NOCTURNOS.PR_CUPOS_BANCOS.sql","P_PROCESOS_NOCTURNOS.PR_CUPOS_BANCOS","P_PROCESOS_NOCTURNOS","PR_CUPOS_BANCOS","/stbybackup/logs_coeasy_nocturnos/P_PROCESOS_NOCTURNOS.PR_CUPOS_BANCOS.log","pendiente","por-definir","por-definir","",""
"24","DB","/stbybackup/scripts_proc_nocturnos/P_PROCESOS_NOCTURNOS.PR_DISTRIBUYE_PP_CCIAL.sql","P_PROCESOS_NOCTURNOS.PR_DISTRIBUYE_PP_CCIAL","P_PROCESOS_NOCTURNOS","PR_DISTRIBUYE_PP_CCIAL","/stbybackup/logs_coeasy_nocturnos/P_PROCESOS_NOCTURNOS.PR_DISTRIBUYE_PP_CCIAL.log","pendiente","por-definir","por-definir","",""
"25","DB","/stbybackup/scripts_proc_nocturnos/P_PROCESOS_NOCTURNOS.PR_NOC_CONV_REC_PAGOS.sql","P_PROCESOS_NOCTURNOS.PR_NOC_CONV_REC_PAGOS","P_PROCESOS_NOCTURNOS","PR_NOC_CONV_REC_PAGOS","/stbybackup/logs_coeasy_nocturnos/P_PROCESOS_NOCTURNOS.PR_NOC_CONV_REC_PAGOS.log","pendiente","por-definir","por-definir","",""
"26","DB","/stbybackup/scripts_proc_nocturnos/P_PROCESOS_NOCTURNOS.PR_NOC_CONTROL_CONVENIOS.sql","P_PROCESOS_NOCTURNOS.PR_NOC_CONTROL_CONVENIOS","P_PROCESOS_NOCTURNOS","PR_NOC_CONTROL_CONVENIOS","/stbybackup/logs_coeasy_nocturnos/P_PROCESOS_NOCTURNOS.PR_NOC_CONTROL_CONVENIOS.log","pendiente","por-definir","por-definir","",""
"27","DB","/stbybackup/scripts_proc_nocturnos/P_PROCESOS_NOCTURNOS.PR_NOC_CONV_TOTAL_BANCO.sql","P_PROCESOS_NOCTURNOS.PR_NOC_CONV_TOTAL_BANCO","P_PROCESOS_NOCTURNOS","PR_NOC_CONV_TOTAL_BANCO","/stbybackup/logs_coeasy_nocturnos/P_PROCESOS_NOCTURNOS.PR_NOC_CONV_TOTAL_BANCO.log","pendiente","por-definir","por-definir","",""
"28","DB","/stbybackup/scripts_proc_nocturnos/P_PROCESOS_NOCTURNOS.PR_FACTURA_CONVENIOS.sql","P_PROCESOS_NOCTURNOS.PR_FACTURA_CONVENIOS","P_PROCESOS_NOCTURNOS","PR_FACTURA_CONVENIOS","/stbybackup/logs_coeasy_nocturnos/P_PROCESOS_NOCTURNOS.PR_FACTURA_CONVENIOS.log","pendiente","por-definir","por-definir","",""
"29","DB","/stbybackup/scripts_proc_nocturnos/P_PROCESOS_NOCTURNOS.P_CONFIRMA_ORDEN_FONDOS.sql","P_PROCESOS_NOCTURNOS.P_CONFIRMA_ORDEN_FONDOS","P_PROCESOS_NOCTURNOS","P_CONFIRMA_ORDEN_FONDOS","/stbybackup/logs_coeasy_nocturnos/P_PROCESOS_NOCTURNOS.P_CONFIRMA_ORDEN_FONDOS.log","pendiente","por-definir","por-definir","",""
"30","DB","/stbybackup/scripts_proc_nocturnos/P_FORMATO_LVA.PR_EJECUTA_LVA.sql","P_FORMATO_LVA.PR_EJECUTA_LVA","P_FORMATO_LVA","PR_EJECUTA_LVA","/stbybackup/logs_coeasy_nocturnos/P_FORMATO_LVA.PR_EJECUTA_LVA.log","pendiente","por-definir","por-definir","",""
"31","DB","/stbybackup/scripts_proc_nocturnos/P_PROCESOS_NOCTURNOS.PR_CONFIRMA_ORDEN_PRI.sql","P_PROCESOS_NOCTURNOS.PR_CONFIRMA_ORDEN_PRI","P_PROCESOS_NOCTURNOS","PR_CONFIRMA_ORDEN_PRI","/stbybackup/logs_coeasy_nocturnos/P_PROCESOS_NOCTURNOS.PR_CONFIRMA_ORDEN_PRI.log","pendiente","por-definir","por-definir","",""
"32","DB","/stbybackup/scripts_proc_nocturnos/P_PROCESOS_NOCTURNOS.PR_TRANSFERENCIAS_CORLINE.sql","P_PROCESOS_NOCTURNOS.PR_TRANSFERENCIAS_CORLINE","P_PROCESOS_NOCTURNOS","PR_TRANSFERENCIAS_CORLINE","/stbybackup/logs_coeasy_nocturnos/P_PROCESOS_NOCTURNOS.PR_TRANSFERENCIAS_CORLINE.log","pendiente","por-definir","por-definir","",""
"33","DB","/stbybackup/scripts_proc_nocturnos/P_PROCESOS_NOCTURNOS.PR_ACT_RENTAB_VOLATIL.sql","P_PROCESOS_NOCTURNOS.PR_ACT_RENTAB_VOLATIL","P_PROCESOS_NOCTURNOS","PR_ACT_RENTAB_VOLATIL","/stbybackup/logs_coeasy_nocturnos/P_PROCESOS_NOCTURNOS.PR_ACT_RENTAB_VOLATIL.log","pendiente","por-definir","por-definir","",""
"34","DB","/stbybackup/scripts_proc_nocturnos/P_PROCESOS_NOCTURNOS.PR_NOC_SEGMENTA_CLI.sql","P_PROCESOS_NOCTURNOS.PR_NOC_SEGMENTA_CLI","P_PROCESOS_NOCTURNOS","PR_NOC_SEGMENTA_CLI","/stbybackup/logs_coeasy_nocturnos/P_PROCESOS_NOCTURNOS.PR_NOC_SEGMENTA_CLI.log","pendiente","por-definir","por-definir","",""
"35","DB","/stbybackup/scripts_proc_nocturnos/P_PROCESOS_NOCTURNOS.CALCULO_DUR_MACAULAY.sql","P_PROCESOS_NOCTURNOS.CALCULO_DUR_MACAULAY","P_PROCESOS_NOCTURNOS","CALCULO_DUR_MACAULAY","/stbybackup/logs_coeasy_nocturnos/P_PROCESOS_NOCTURNOS.CALCULO_DUR_MACAULAY.log","pendiente","por-definir","por-definir","",""
"36","DB","/stbybackup/scripts_proc_nocturnos/P_PROCESOS_NOCTURNOS.MAIL_TID_CER_PENDIENTES_COMER.sql","P_PROCESOS_NOCTURNOS.MAIL_TID_CER_PENDIENTES_COMER","P_PROCESOS_NOCTURNOS","MAIL_TID_CER_PENDIENTES_COMER","/stbybackup/logs_coeasy_nocturnos/P_PROCESOS_NOCTURNOS.MAIL_TID_CER_PENDIENTES_COMER.log","pendiente","por-definir","por-definir","",""
"37","DB","/stbybackup/scripts_proc_nocturnos/P_PROCESOS_NOCTURNOS.MAIL_TID_CER_PENDIENTES_COORD.sql","P_PROCESOS_NOCTURNOS.MAIL_TID_CER_PENDIENTES_COORD","P_PROCESOS_NOCTURNOS","MAIL_TID_CER_PENDIENTES_COORD","/stbybackup/logs_coeasy_nocturnos/P_PROCESOS_NOCTURNOS.MAIL_TID_CER_PENDIENTES_COORD.log","pendiente","por-definir","por-definir","",""
"38","DB","/stbybackup/scripts_proc_nocturnos/PROD.P_PROCESOS_NOCTURNOS.P_BORRADOS_DIARIOS.sql","P_PROCESOS_NOCTURNOS.P_BORRADOS_DIARIOS","P_PROCESOS_NOCTURNOS","P_BORRADOS_DIARIOS","/stbybackup/logs_coeasy_nocturnos/PROD.P_PROCESOS_NOCTURNOS.P_BORRADOS_DIARIOS.log","pendiente","por-definir","por-definir","",""
"39","DB","/stbybackup/scripts_proc_nocturnos/PROD.P_PROCESOS_NOCTURNOS.PR_LIMPIAR_INFOVALMER.sql","PROD.P_PROCESOS_NOCTURNOS.PR_LIMPIAR_INFOVALMER","P_PROCESOS_NOCTURNOS","PR_LIMPIAR_INFOVALMER","/stbybackup/logs_coeasy_nocturnos/PROD.P_PROCESOS_NOCTURNOS.PR_LIMPIAR_INFOVALMER.log","pendiente","por-definir","por-definir","",""
"40","DB","/stbybackup/scripts_proc_nocturnos/PROD.P_GRP_RELACIONADOS.PR_ACTUALIZA_GRUPOS.sql","PROD.P_GRP_RELACIONADOS.PR_ACTUALIZA_GRUPOS","P_GRP_RELACIONADOS","PR_ACTUALIZA_GRUPOS","/stbybackup/logs_coeasy_nocturnos/PROD.P_GRP_RELACIONADOS.PR_ACTUALIZA_GRUPOS.log","pendiente","por-definir","por-definir","",""
"41","DB","/stbybackup/scripts_proc_nocturnos/P_PROCESOS_NOCTURNOS.P_CREA_SALDOS_FONDOS_PORTAL.sql","P_PROCESOS_NOCTURNOS.P_CREA_SALDOS_FONDOS_PORTAL","P_PROCESOS_NOCTURNOS","P_CREA_SALDOS_FONDOS_PORTAL","/stbybackup/logs_coeasy_nocturnos/P_PROCESOS_NOCTURNOS.P_CREA_SALDOS_FONDOS_PORTAL.log","pendiente","por-definir","por-definir","",""
"42","DB","/stbybackup/scripts_proc_nocturnos/P_PROCESOS_NOCTURNOS.P_CREA_SALDOS_CUENTAS_PORTAL.sql","P_PROCESOS_NOCTURNOS.P_CREA_SALDOS_CUENTAS_PORTAL","P_PROCESOS_NOCTURNOS","P_CREA_SALDOS_CUENTAS_PORTAL","/stbybackup/logs_coeasy_nocturnos/P_PROCESOS_NOCTURNOS.P_CREA_SALDOS_CUENTAS_PORTAL.log","pendiente","por-definir","por-definir","",""
"43","DB","/stbybackup/scripts_proc_nocturnos/P_PROCESOS_NOCTURNOS.P_CREA_SALDOS_DERIVADOS_PORTAL.sql","P_PROCESOS_NOCTURNOS.P_CREA_SALDOS_DERIVADOS_PORTAL","P_PROCESOS_NOCTURNOS","P_CREA_SALDOS_DERIVADOS_PORTAL","/stbybackup/logs_coeasy_nocturnos/P_PROCESOS_NOCTURNOS.P_CREA_SALDOS_DERIVADOS_PORTAL.log","pendiente","por-definir","por-definir","",""
"44","DB","/stbybackup/scripts_proc_nocturnos/P_PROCESOS_NOCTURNOS.P_PROCESO_PRECIA.sql","P_PROCESOS_NOCTURNOS.P_PROCESO_PRECIA","P_PROCESOS_NOCTURNOS","P_PROCESO_PRECIA","/stbybackup/logs_coeasy_nocturnos/P_PROCESOS_NOCTURNOS.P_PROCESO_PRECIA.log","pendiente","por-definir","por-definir","",""
"45","FTP","/stbybackup/scripts_proc_nocturnos/FTP_VINCULACION.sh","FTP_VINCULACION","","","/stbybackup/logs_coeasy_nocturnos/FTP_VINCULACION.log","n/a","media","n/a","","Script shell, no aplica P_TRAZA_CORE"
"46","FTP","/stbybackup/scripts_proc_nocturnos/FTP_PORTAFOLIO.sh","FTP_PORTAFOLIO","","","/stbybackup/logs_coeasy_nocturnos/FTP_PORTAFOLIO.log","n/a","media","n/a","","Script shell, no aplica P_TRAZA_CORE"
"47","FTP","/stbybackup/scripts_proc_nocturnos/FTP_MOVIMIENTOS.sh","FTP_MOVIMIENTOS","","","/stbybackup/logs_coeasy_nocturnos/FTP_MOVIMIENTOS.log","n/a","media","n/a","","Script shell, no aplica P_TRAZA_CORE"
"48","FTP","/stbybackup/scripts_proc_nocturnos/FTP_PROCESO_PRECIA.sh","FTP_PROCESO_PRECIA","","","/stbybackup/logs_coeasy_nocturnos/FTP_PROCESO_PRECIA.log","n/a","media","n/a","","Script shell, no aplica P_TRAZA_CORE"
"49","DB","/stbybackup/scripts_proc_nocturnos/P_PAGOS_DIVIDENDOS.PROCESO_NOCTURNO.sql","P_PAGOS_DIVIDENDOS.PROCESO_NOCTURNO","P_PAGOS_DIVIDENDOS","PROCESO_NOCTURNO","/stbybackup/logs_coeasy_nocturnos/P_PAGOS_DIVIDENDOS.PROCESO_NOCTURNO.log","pendiente","por-definir","por-definir","",""
"50","DB","/stbybackup/scripts_proc_nocturnos/P_PROCESOS_NOCTURNOS.PR_MARCACION_ADMON_VAL.sql","P_PROCESOS_NOCTURNOS.PR_MARCACION_ADMON_VAL","P_PROCESOS_NOCTURNOS","PR_MARCACION_ADMON_VAL","/stbybackup/logs_coeasy_nocturnos/P_PROCESOS_NOCTURNOS.PR_MARCACION_ADMON_VAL.log","pendiente","por-definir","por-definir","",""
"51","DB","/stbybackup/scripts_proc_nocturnos/FIN_PROCESOS_COEASY.sql","FIN_PROCESOS_COEASY","","","/stbybackup/logs_coeasy_nocturnos/FIN_PROCESOS_COEASY.log","pendiente","por-definir","por-definir","",""
"52","DB","/stbybackup/scripts_proc_nocturnos/PROD.P_PROCESOS_NOCTURNOS.PR_BORRAR_INF_PIP.sql","PROD.P_PROCESOS_NOCTURNOS.PR_BORRAR_INF_PIP","P_PROCESOS_NOCTURNOS","PR_BORRAR_INF_PIP","/stbybackup/logs_coeasy_nocturnos/PROD.P_PROCESOS_NOCTURNOS.PR_BORRAR_INF_PIP.log","pendiente","por-definir","por-definir","",""
"53","DB","/stbybackup/scripts_proc_nocturnos/P_PROCESOS_NOCTURNOS.PR_BLOQUEO_USUARIO_NOCTURNO.sql","P_PROCESOS_NOCTURNOS.PR_BLOQUEO_USUARIO_NOCTURNO","P_PROCESOS_NOCTURNOS","PR_BLOQUEO_USUARIO_NOCTURNO","/stbybackup/logs_coeasy_nocturnos/P_PROCESOS_NOCTURNOS.PR_BLOQUEO_USUARIO_NOCTURNO.log","pendiente","por-definir","por-definir","",""
"54","DB","/stbybackup/scripts_proc_nocturnos/QUERY_KILL_SESSION.sql","","","","/stbybackup/logs_coeasy_nocturnos/QUERY_KILL_SESSION.log","pendiente","media","2","QUERY_KILL_SESSION.sql","Sin llamadas paquete.procedimiento detectables en QUERY_KILL_SESSION.sql"
"55","DB","/stbybackup/scripts_proc_nocturnos/INICIO_PROCESOS_COEASY.sql","P_MAIL.BEGIN_MAIL","P_MAIL","BEGIN_MAIL","/stbybackup/logs_coeasy_nocturnos/INICIO_PROCESOS_COEASY.log","pendiente","alta","3","INICIO_PROCESOS_COEASY.sql","Extraido de INICIO_PROCESOS_COEASY.sql linea 7"
"56","DB","/stbybackup/scripts_proc_nocturnos/INICIO_PROCESOS_COEASY.sql","P_MAIL.MULTIPART_MIME_TYPE","P_MAIL","MULTIPART_MIME_TYPE","/stbybackup/logs_coeasy_nocturnos/INICIO_PROCESOS_COEASY.log","pendiente","alta","3","INICIO_PROCESOS_COEASY.sql","Extraido de INICIO_PROCESOS_COEASY.sql linea 10"
"57","DB","/stbybackup/scripts_proc_nocturnos/INICIO_PROCESOS_COEASY.sql","P_MAIL.ATTACH_TEXT","P_MAIL","ATTACH_TEXT","/stbybackup/logs_coeasy_nocturnos/INICIO_PROCESOS_COEASY.log","pendiente","alta","3","INICIO_PROCESOS_COEASY.sql","Extraido de INICIO_PROCESOS_COEASY.sql linea 11"
"58","DB","/stbybackup/scripts_proc_nocturnos/INICIO_PROCESOS_COEASY.sql","P_MAIL.END_MAIL","P_MAIL","END_MAIL","/stbybackup/logs_coeasy_nocturnos/INICIO_PROCESOS_COEASY.log","pendiente","alta","3","INICIO_PROCESOS_COEASY.sql","Extraido de INICIO_PROCESOS_COEASY.sql linea 34"
"59","DB","/stbybackup/scripts_proc_nocturnos/OPERACIONES_DIARIAS.sql","P_NEGOCIOS_POSICION.COMISIONES_SIMULTANEAS_PP","P_NEGOCIOS_POSICION","COMISIONES_SIMULTANEAS_PP","/stbybackup/logs_coeasy_nocturnos/OPERACIONES_DIARIAS.log","pendiente","alta","1","OPERACIONES_DIARIAS.sql","Extraido de OPERACIONES_DIARIAS.sql linea 15"
"60","DB","/stbybackup/scripts_proc_nocturnos/OPERACIONES_DIARIAS.sql","P_PROCESOS_NOCTURNOS.PR_DISTRIBUYE_PP_CCIAL","P_PROCESOS_NOCTURNOS","PR_DISTRIBUYE_PP_CCIAL","/stbybackup/logs_coeasy_nocturnos/OPERACIONES_DIARIAS.log","pendiente","alta","1","OPERACIONES_DIARIAS.sql","Extraido de OPERACIONES_DIARIAS.sql linea 34"
"61","DB","/stbybackup/scripts_proc_nocturnos/COSTOS.sql","P_COSTOS.GENERAR_COSTOS_DECEVAL","P_COSTOS","GENERAR_COSTOS_DECEVAL","/stbybackup/logs_coeasy_nocturnos/COSTOS.log","pendiente","alta","1","COSTOS.sql","Extraido de COSTOS.sql linea 15"
"62","DB","/stbybackup/scripts_proc_nocturnos/COSTOS.sql","P_COSTOS.PR_COSTOS_MEC","P_COSTOS","PR_COSTOS_MEC","/stbybackup/logs_coeasy_nocturnos/COSTOS.log","pendiente","alta","1","COSTOS.sql","Extraido de COSTOS.sql linea 24"
"63","DB","/stbybackup/scripts_proc_nocturnos/COSTOS.sql","P_ORDENES_COMERCIAL.ANULACION_CANCELACION_ORDENES","P_ORDENES_COMERCIAL","ANULACION_CANCELACION_ORDENES","/stbybackup/logs_coeasy_nocturnos/COSTOS.log","pendiente","media","2","COSTOS.sql","Extraido de COSTOS.sql linea 32"
"64","DB","/stbybackup/scripts_proc_nocturnos/COSTOS.sql","P_ORDENES_COMERCIAL.P_NUMERACION_SUPER","P_ORDENES_COMERCIAL","P_NUMERACION_SUPER","/stbybackup/logs_coeasy_nocturnos/COSTOS.log","pendiente","media","2","COSTOS.sql","Extraido de COSTOS.sql linea 33"
"65","DB","/stbybackup/scripts_proc_nocturnos/COSTOS.sql","P_FONDOS_WEB.RENTABILIDAD_FONDOS","P_FONDOS_WEB","RENTABILIDAD_FONDOS","/stbybackup/logs_coeasy_nocturnos/COSTOS.log","pendiente","media","2","COSTOS.sql","Extraido de COSTOS.sql linea 38"
"66","DB","/stbybackup/scripts_proc_nocturnos/COSTOS.sql","P_INACTIVA_CLIENTES.INACTIVAR_CLIENTES_UNICA_OP","P_INACTIVA_CLIENTES","INACTIVAR_CLIENTES_UNICA_OP","/stbybackup/logs_coeasy_nocturnos/COSTOS.log","pendiente","media","2","COSTOS.sql","Extraido de COSTOS.sql linea 45"
"67","DB","/stbybackup/scripts_proc_nocturnos/COSTOS.sql","P_REPORTES.GENERAR_CRITERIOS_COMERCIAL","P_REPORTES","GENERAR_CRITERIOS_COMERCIAL","/stbybackup/logs_coeasy_nocturnos/COSTOS.log","pendiente","media","2","COSTOS.sql","Extraido de COSTOS.sql linea 52"
"68","DB","/stbybackup/scripts_proc_nocturnos/EXTRACTO.sql","P_MAIL_EXTRACTO_CLIENTE.MAIL_PROCESO_CLIENTE","P_MAIL_EXTRACTO_CLIENTE","MAIL_PROCESO_CLIENTE","/stbybackup/logs_coeasy_nocturnos/EXTRACTO.log","pendiente","media","2","EXTRACTO.sql","Extraido de EXTRACTO.sql linea 6"
"69","DB","/stbybackup/scripts_proc_nocturnos/EXTRACTO.sql","P_MAIL_EXTRACTO_CLIENTE.MAIL_PROCESO_EXTRACTO_FONDOS","P_MAIL_EXTRACTO_CLIENTE","MAIL_PROCESO_EXTRACTO_FONDOS","/stbybackup/logs_coeasy_nocturnos/EXTRACTO.log","pendiente","media","2","EXTRACTO.sql","Extraido de EXTRACTO.sql linea 9"
"70","DB","/stbybackup/scripts_proc_nocturnos/EXTRACTO.sql","P_EXTRACTO_PRUEBAS.MAIL_PROCESO_EXTRACTO_FONDOS","P_EXTRACTO_PRUEBAS","MAIL_PROCESO_EXTRACTO_FONDOS","/stbybackup/logs_coeasy_nocturnos/EXTRACTO.log","pendiente","media","2","EXTRACTO.sql","Extraido de EXTRACTO.sql linea 11"
"71","DB","/stbybackup/scripts_proc_nocturnos/TITULOS.sql","P_CLIENTES_TITULOS.GENERAR_SALDOS_DIA","P_CLIENTES_TITULOS","GENERAR_SALDOS_DIA","/stbybackup/logs_coeasy_nocturnos/TITULOS.log","pendiente","media","2","TITULOS.sql","Extraido de TITULOS.sql linea 3"
"72","DB","/stbybackup/scripts_proc_nocturnos/TITULOS.sql","P_CLIENTES_TITULOS.COMPROMISOS","P_CLIENTES_TITULOS","COMPROMISOS","/stbybackup/logs_coeasy_nocturnos/TITULOS.log","pendiente","media","2","TITULOS.sql","Extraido de TITULOS.sql linea 13"
"73","DB","/stbybackup/scripts_proc_nocturnos/DIVISAS.sql","P_DIVISAS.T_REGISTRO_230","P_DIVISAS","T_REGISTRO_230","/stbybackup/logs_coeasy_nocturnos/DIVISAS.log","pendiente","alta","1","DIVISAS.sql","Extraido de DIVISAS.sql linea 4"
"74","DB","/stbybackup/scripts_proc_nocturnos/DIVISAS.sql","P_DIVISAS.T_REGISTRO_465","P_DIVISAS","T_REGISTRO_465","/stbybackup/logs_coeasy_nocturnos/DIVISAS.log","pendiente","alta","1","DIVISAS.sql","Extraido de DIVISAS.sql linea 5"
"75","DB","/stbybackup/scripts_proc_nocturnos/DIVISAS.sql","P_DIVISAS.P_MAIL_FORMATO_230","P_DIVISAS","P_MAIL_FORMATO_230","/stbybackup/logs_coeasy_nocturnos/DIVISAS.log","pendiente","alta","1","DIVISAS.sql","Extraido de DIVISAS.sql linea 9"
"76","DB","/stbybackup/scripts_proc_nocturnos/DIVISAS.sql","P_DIVISAS.P_MAIL_FORMATO_465","P_DIVISAS","P_MAIL_FORMATO_465","/stbybackup/logs_coeasy_nocturnos/DIVISAS.log","pendiente","alta","1","DIVISAS.sql","Extraido de DIVISAS.sql linea 13"
"77","DB","/stbybackup/scripts_proc_nocturnos/DIVISAS_1.sql","P_DIVISAS.T_REGISTRO","P_DIVISAS","T_REGISTRO","/stbybackup/logs_coeasy_nocturnos/DIVISAS_1.log","pendiente","alta","1","DIVISAS_1.sql","Extraido de DIVISAS_1.sql linea 4"
"78","DB","/stbybackup/scripts_proc_nocturnos/DIVISAS_1.sql","P_DIVISAS.P_MAIL_EXCEL_230","P_DIVISAS","P_MAIL_EXCEL_230","/stbybackup/logs_coeasy_nocturnos/DIVISAS_1.log","pendiente","alta","1","DIVISAS_1.sql","Extraido de DIVISAS_1.sql linea 8"
"79","DB","/stbybackup/scripts_proc_nocturnos/FIN_PROCESOS_COEASY.sql","P_MAIL.BEGIN_MAIL","P_MAIL","BEGIN_MAIL","/stbybackup/logs_coeasy_nocturnos/FIN_PROCESOS_COEASY.log","pendiente","alta","3","FIN_PROCESOS_COEASY.sql","Extraido de FIN_PROCESOS_COEASY.sql linea 7"
"80","DB","/stbybackup/scripts_proc_nocturnos/FIN_PROCESOS_COEASY.sql","P_MAIL.MULTIPART_MIME_TYPE","P_MAIL","MULTIPART_MIME_TYPE","/stbybackup/logs_coeasy_nocturnos/FIN_PROCESOS_COEASY.log","pendiente","alta","3","FIN_PROCESOS_COEASY.sql","Extraido de FIN_PROCESOS_COEASY.sql linea 10"
"81","DB","/stbybackup/scripts_proc_nocturnos/FIN_PROCESOS_COEASY.sql","P_MAIL.ATTACH_TEXT","P_MAIL","ATTACH_TEXT","/stbybackup/logs_coeasy_nocturnos/FIN_PROCESOS_COEASY.log","pendiente","alta","3","FIN_PROCESOS_COEASY.sql","Extraido de FIN_PROCESOS_COEASY.sql linea 11"
"82","DB","/stbybackup/scripts_proc_nocturnos/FIN_PROCESOS_COEASY.sql","P_MAIL.END_MAIL","P_MAIL","END_MAIL","/stbybackup/logs_coeasy_nocturnos/FIN_PROCESOS_COEASY.log","pendiente","alta","3","FIN_PROCESOS_COEASY.sql","Extraido de FIN_PROCESOS_COEASY.sql linea 34"
"83","DB","/stbybackup/scripts_proc_nocturnos/proceso_distribucion.sql","proceso_distribucion","","","/stbybackup/logs_coeasy_nocturnos/OPERACIONES_DIARIAS.log","pendiente","media","2","OPERACIONES_DIARIAS.sql","Referencia @@ detectada en OPERACIONES_DIARIAS.sql linea 12"
"84","DB","/stbybackup/scripts_proc_nocturnos/proceso_distribucion.sql","P_WEB_EXTRACTO.DIA_HABIL","P_WEB_EXTRACTO","DIA_HABIL","/stbybackup/logs_coeasy_nocturnos/OPERACIONES_DIARIAS.log","pendiente","media","2","OPERACIONES_DIARIAS.sql","Llamado interno detectado en proceso_distribucion.sql linea 2420"
"85","DB","/stbybackup/scripts_proc_nocturnos/proceso_distribucion.sql","P_MAIL.ENVIO_MAIL_ERROR","P_MAIL","ENVIO_MAIL_ERROR","/stbybackup/logs_coeasy_nocturnos/OPERACIONES_DIARIAS.log","pendiente","media","2","OPERACIONES_DIARIAS.sql","Llamado interno detectado en proceso_distribucion.sql linea 2678"
"86","DB","/stbybackup/scripts_proc_nocturnos/confirma_participacion.sql","confirma_participacion","","","/stbybackup/logs_coeasy_nocturnos/OPERACIONES_DIARIAS.log","pendiente","media","2","OPERACIONES_DIARIAS.sql","Referencia @@ detectada en OPERACIONES_DIARIAS.sql linea 17"
"87","DB","/stbybackup/scripts_proc_nocturnos/distribucion_clientes_divisas.sql","distribucion_clientes_divisas","","","/stbybackup/logs_coeasy_nocturnos/OPERACIONES_DIARIAS.log","pendiente","media","2","OPERACIONES_DIARIAS.sql","Referencia @@ detectada en OPERACIONES_DIARIAS.sql linea 21"
"88","DB","/stbybackup/scripts_proc_nocturnos/distribucion_clientes_divisas.sql","P_MAIL.ENVIO_MAIL_ERROR","P_MAIL","ENVIO_MAIL_ERROR","/stbybackup/logs_coeasy_nocturnos/OPERACIONES_DIARIAS.log","pendiente","media","2","OPERACIONES_DIARIAS.sql","Llamado interno detectado en distribucion_clientes_divisas.sql linea 142"
"89","DB","/stbybackup/scripts_proc_nocturnos/distribucion_clientes_rvariable.sql","distribucion_clientes_rvariable","","","/stbybackup/logs_coeasy_nocturnos/OPERACIONES_DIARIAS.log","pendiente","media","2","OPERACIONES_DIARIAS.sql","Referencia @@ detectada en OPERACIONES_DIARIAS.sql linea 22"
"90","DB","/stbybackup/scripts_proc_nocturnos/distribucion_clientes_rvariable.sql","P_MAIL.ENVIO_MAIL_ERROR","P_MAIL","ENVIO_MAIL_ERROR","/stbybackup/logs_coeasy_nocturnos/OPERACIONES_DIARIAS.log","pendiente","media","2","OPERACIONES_DIARIAS.sql","Llamado interno detectado en distribucion_clientes_rvariable.sql linea 139"
"91","DB","/stbybackup/scripts_proc_nocturnos/distribucion_clientes_pp.sql","distribucion_clientes_pp","","","/stbybackup/logs_coeasy_nocturnos/OPERACIONES_DIARIAS.log","pendiente","media","2","OPERACIONES_DIARIAS.sql","Referencia @@ detectada en OPERACIONES_DIARIAS.sql linea 23"
"92","DB","/stbybackup/scripts_proc_nocturnos/distribucion_clientes_pp.sql","P_MAIL.ENVIO_MAIL_ERROR","P_MAIL","ENVIO_MAIL_ERROR","/stbybackup/logs_coeasy_nocturnos/OPERACIONES_DIARIAS.log","pendiente","media","2","OPERACIONES_DIARIAS.sql","Llamado interno detectado en distribucion_clientes_pp.sql linea 1677"
"93","DB","/stbybackup/scripts_proc_nocturnos/distribucion_clientes_rfija.sql","distribucion_clientes_rfija","","","/stbybackup/logs_coeasy_nocturnos/OPERACIONES_DIARIAS.log","pendiente","media","2","OPERACIONES_DIARIAS.sql","Referencia @@ detectada en OPERACIONES_DIARIAS.sql linea 24"
"94","DB","/stbybackup/scripts_proc_nocturnos/distribucion_clientes_rfija.sql","P_MAIL.ENVIO_MAIL_ERROR","P_MAIL","ENVIO_MAIL_ERROR","/stbybackup/logs_coeasy_nocturnos/OPERACIONES_DIARIAS.log","pendiente","media","2","OPERACIONES_DIARIAS.sql","Llamado interno detectado en distribucion_clientes_rfija.sql linea 1131"
"95","DB","/stbybackup/scripts_proc_nocturnos/confirma_participacion_clientes.sql","confirma_participacion_clientes","","","/stbybackup/logs_coeasy_nocturnos/OPERACIONES_DIARIAS.log","pendiente","media","2","OPERACIONES_DIARIAS.sql","Referencia @@ detectada en OPERACIONES_DIARIAS.sql linea 28"
"96","DB","/stbybackup/scripts_proc_nocturnos/confirma_participacion_clientes.sql","P_MAIL.ENVIO_MAIL_ERROR","P_MAIL","ENVIO_MAIL_ERROR","/stbybackup/logs_coeasy_nocturnos/OPERACIONES_DIARIAS.log","pendiente","media","2","OPERACIONES_DIARIAS.sql","Llamado interno detectado en confirma_participacion_clientes.sql linea 125"
"97","DB","/stbybackup/scripts_proc_nocturnos/verifica_distribucion_clientes.sql","verifica_distribucion_clientes","","","/stbybackup/logs_coeasy_nocturnos/OPERACIONES_DIARIAS.log","pendiente","media","2","OPERACIONES_DIARIAS.sql","Referencia @@ detectada en OPERACIONES_DIARIAS.sql linea 30"
"98","DB","/stbybackup/scripts_proc_nocturnos/verifica_distribucion_clientes.sql","P_MAIL.ENVIO_MAIL_ERROR","P_MAIL","ENVIO_MAIL_ERROR","/stbybackup/logs_coeasy_nocturnos/OPERACIONES_DIARIAS.log","pendiente","media","2","OPERACIONES_DIARIAS.sql","Llamado interno detectado en verifica_distribucion_clientes.sql linea 334"
"99","DB","/stbybackup/scripts_proc_nocturnos/costos_lic.sql","costos_lic","","","/stbybackup/logs_coeasy_nocturnos/COSTOS.log","pendiente","media","2","COSTOS.sql","Referencia @@ detectada en COSTOS.sql linea 8"
"100","DB","/stbybackup/scripts_proc_nocturnos/costos_lic.sql","P_MAIL.ENVIO_MAIL_ERROR","P_MAIL","ENVIO_MAIL_ERROR","/stbybackup/logs_coeasy_nocturnos/COSTOS.log","pendiente","media","2","COSTOS.sql","Llamado interno detectado en costos_lic.sql linea 831"
"101","DB","/stbybackup/scripts_proc_nocturnos/costos_pp.sql","costos_pp","","","/stbybackup/logs_coeasy_nocturnos/COSTOS.log","pendiente","media","2","COSTOS.sql","Referencia @@ detectada en COSTOS.sql linea 10"
"102","DB","/stbybackup/scripts_proc_nocturnos/costos_pp.sql","P_MAIL.ENVIO_MAIL_ERROR","P_MAIL","ENVIO_MAIL_ERROR","/stbybackup/logs_coeasy_nocturnos/COSTOS.log","pendiente","media","2","COSTOS.sql","Llamado interno detectado en costos_pp.sql linea 630"
"103","DB","/stbybackup/scripts_proc_nocturnos/costos_div.sql","costos_div","","","/stbybackup/logs_coeasy_nocturnos/COSTOS.log","pendiente","media","2","COSTOS.sql","Referencia @@ detectada en COSTOS.sql linea 11"
"104","DB","/stbybackup/scripts_proc_nocturnos/costos_div.sql","P_MAIL.ENVIO_MAIL_ERROR","P_MAIL","ENVIO_MAIL_ERROR","/stbybackup/logs_coeasy_nocturnos/COSTOS.log","pendiente","media","2","COSTOS.sql","Llamado interno detectado en costos_div.sql linea 557"
"105","DB","/stbybackup/scripts_proc_nocturnos/costos_ofo.sql","costos_ofo","","","/stbybackup/logs_coeasy_nocturnos/COSTOS.log","pendiente","media","2","COSTOS.sql","Referencia @@ detectada en COSTOS.sql linea 12"
"106","DB","/stbybackup/scripts_proc_nocturnos/costos_ofo.sql","P_MAIL.ENVIO_MAIL_ERROR","P_MAIL","ENVIO_MAIL_ERROR","/stbybackup/logs_coeasy_nocturnos/COSTOS.log","pendiente","media","2","COSTOS.sql","Llamado interno detectado en costos_ofo.sql linea 556"
"107","DB","/stbybackup/scripts_proc_nocturnos/costos_odp.sql","costos_odp","","","/stbybackup/logs_coeasy_nocturnos/COSTOS.log","pendiente","media","2","COSTOS.sql","Referencia @@ detectada en COSTOS.sql linea 13"
"108","DB","/stbybackup/scripts_proc_nocturnos/costos_odp.sql","P_MAIL.ENVIO_MAIL_ERROR","P_MAIL","ENVIO_MAIL_ERROR","/stbybackup/logs_coeasy_nocturnos/COSTOS.log","pendiente","media","2","COSTOS.sql","Llamado interno detectado en costos_odp.sql linea 357"
"109","DB","/stbybackup/scripts_proc_nocturnos/costos_adval.sql","costos_adval","","","/stbybackup/logs_coeasy_nocturnos/COSTOS.log","pendiente","media","2","COSTOS.sql","Referencia @@ detectada en COSTOS.sql linea 14"
"110","DB","/stbybackup/scripts_proc_nocturnos/costos_adval.sql","P_MAIL.ENVIO_MAIL_ERROR","P_MAIL","ENVIO_MAIL_ERROR","/stbybackup/logs_coeasy_nocturnos/COSTOS.log","pendiente","media","2","COSTOS.sql","Llamado interno detectado en costos_adval.sql linea 381"
"111","DB","/stbybackup/scripts_proc_nocturnos/generacion_saldo_diario.sql","generacion_saldo_diario","","","/stbybackup/logs_coeasy_nocturnos/COSTOS.log","pendiente","media","2","COSTOS.sql","Referencia @@ detectada en COSTOS.sql linea 19"
"112","DB","/stbybackup/scripts_proc_nocturnos/saldos_fondoaccion.sql","saldos_fondoaccion","","","/stbybackup/logs_coeasy_nocturnos/COSTOS.log","pendiente","media","2","COSTOS.sql","Referencia @@ detectada en COSTOS.sql linea 20"
"113","DB","/stbybackup/scripts_proc_nocturnos/saldos_fondoaccion.sql","P_MAIL.ENVIO_MAIL_ERROR","P_MAIL","ENVIO_MAIL_ERROR","/stbybackup/logs_coeasy_nocturnos/COSTOS.log","pendiente","media","2","COSTOS.sql","Llamado interno detectado en saldos_fondoaccion.sql linea 94"
"114","DB","/stbybackup/scripts_proc_nocturnos/costo_general_operaciones.sql","costo_general_operaciones","","","/stbybackup/logs_coeasy_nocturnos/COSTOS.log","pendiente","media","2","COSTOS.sql","Referencia @@ detectada en COSTOS.sql linea 23"
"115","DB","/stbybackup/scripts_proc_nocturnos/costo_general_operaciones.sql","P_WEB_EXTRACTO.DIA_HABIL","P_WEB_EXTRACTO","DIA_HABIL","/stbybackup/logs_coeasy_nocturnos/COSTOS.log","pendiente","media","2","COSTOS.sql","Llamado interno detectado en costo_general_operaciones.sql linea 322"
"116","DB","/stbybackup/scripts_proc_nocturnos/costo_general_operaciones.sql","P_MAIL.ENVIO_MAIL_ERROR","P_MAIL","ENVIO_MAIL_ERROR","/stbybackup/logs_coeasy_nocturnos/COSTOS.log","pendiente","media","2","COSTOS.sql","Llamado interno detectado en costo_general_operaciones.sql linea 370"
"117","DB","/stbybackup/scripts_proc_nocturnos/costo_saldos_diarios.sql","costo_saldos_diarios","","","/stbybackup/logs_coeasy_nocturnos/COSTOS.log","pendiente","media","2","COSTOS.sql","Referencia @@ detectada en COSTOS.sql linea 28"
"118","DB","/stbybackup/scripts_proc_nocturnos/costo_saldos_diarios.sql","P_MAIL.ENVIO_MAIL_ERROR","P_MAIL","ENVIO_MAIL_ERROR","/stbybackup/logs_coeasy_nocturnos/COSTOS.log","pendiente","media","2","COSTOS.sql","Llamado interno detectado en costo_saldos_diarios.sql linea 229"
